{"cameraMode":{"drawMode":0,"name":"Shaded","section":"Shading Mode"},"sceneLighting":false,"audioPlay":false,"sceneViewState":{"showFog":true,"showMaterialUpdate":false,"showSkybox":false,"showFlares":true,"showImageEffects":true,"showParticleSystems":true},"in2DMode":false,"pivot":{"x":-2.7871792316436769,"y":-2.1899070739746095,"z":2.1475231647491457},"rotation":{"x":0.2608397305011749,"y":-0.43360939621925356,"z":0.13270902633666993,"w":0.8522844314575195},"size":2.459815502166748,"orthographic":false}