{"cameraMode":{"drawMode":2,"name":"Shaded Wireframe","section":"Shading Mode"},"sceneLighting":true,"audioPlay":false,"sceneViewState":{"showFog":true,"showMaterialUpdate":false,"showSkybox":true,"showFlares":true,"showImageEffects":true,"showParticleSystems":true},"in2DMode":false,"pivot":{"x":-0.32576867938041689,"y":-0.34470894932746889,"z":27.501815795898439},"rotation":{"x":-0.04845735430717468,"y":0.21207855641841889,"z":-0.01004460733383894,"w":-0.9761477112770081},"size":11.116799354553223,"orthographic":false}