{"cameraMode":{"drawMode":2,"name":"Shaded Wireframe","section":"Shading Mode"},"sceneLighting":true,"audioPlay":false,"sceneViewState":{"showFog":true,"showMaterialUpdate":false,"showSkybox":true,"showFlares":true,"showImageEffects":true,"showParticleSystems":true},"in2DMode":false,"pivot":{"x":7.597045421600342,"y":0.6228252649307251,"z":14.40023136138916},"rotation":{"x":0.18783323466777802,"y":0.12493825703859329,"z":-0.023964550346136094,"w":0.9739776253700256},"size":2.0240275859832765,"orthographic":false}