{"cameraMode":{"drawMode":0,"name":"Shaded","section":"Shading Mode"},"sceneLighting":true,"audioPlay":false,"sceneViewState":{"showFog":true,"showMaterialUpdate":false,"showSkybox":false,"showFlares":true,"showImageEffects":true,"showParticleSystems":true},"in2DMode":false,"pivot":{"x":-0.13329164683818818,"y":1.823793649673462,"z":1.1014130115509034},"rotation":{"x":0.09515243023633957,"y":-0.8763991594314575,"z":0.19367998838424684,"w":0.4305754601955414},"size":2.4635000228881838,"orthographic":false}