{"cameraMode":{"drawMode":2,"name":"Shaded Wireframe","section":"Shading Mode"},"sceneLighting":true,"audioPlay":false,"sceneViewState":{"showFog":true,"showMaterialUpdate":false,"showSkybox":true,"showFlares":true,"showImageEffects":true,"showParticleSystems":true},"in2DMode":false,"pivot":{"x":1.0449583530426026,"y":4.232203960418701,"z":24.125526428222658},"rotation":{"x":0.040497709065675738,"y":-0.0036042819265276195,"z":0.00027542811585590243,"w":-0.9993155598640442},"size":11.116799354553223,"orthographic":false}