{"cameraMode":{"drawMode":0,"name":"Shaded","section":"Shading Mode"},"sceneLighting":true,"audioPlay":false,"sceneViewState":{"showFog":false,"showMaterialUpdate":false,"showSkybox":false,"showFlares":false,"showImageEffects":false,"showParticleSystems":false},"in2DMode":false,"pivot":{"x":0.33243775367736819,"y":1.4813811779022217,"z":1.3500702381134034},"rotation":{"x":0.006337537430226803,"y":0.9894649982452393,"z":-0.13774199783802033,"w":0.04698821157217026},"size":1.825668454170227,"orthographic":false}