{"cameraMode":{"drawMode":0,"name":"Shaded","section":"Shading Mode"},"sceneLighting":true,"audioPlay":false,"sceneViewState":{"showFog":false,"showMaterialUpdate":false,"showSkybox":false,"showFlares":false,"showImageEffects":false,"showParticleSystems":false},"in2DMode":false,"pivot":{"x":-4.209566593170166,"y":-5.739328861236572,"z":13.46177864074707},"rotation":{"x":-0.27130958437919619,"y":0.19884172081947328,"z":-0.0568280890583992,"w":-0.9402618408203125},"size":7.110621452331543,"orthographic":false}